name,description,latitude,longitude,day,order
Day 1 · 8/31 1. 바르셀로나 엘프라트 공항,19:00 도착 · 현지 시간 기준 대략 저녁 7시 도착.,41.2974,2.0833,Day 1 · 8/31,1
Day 1 · 8/31 2. 숙소 체크인,밤 · 짐 풀고 휴식. Day2 아침 투어 준비.,41.3921707,2.1578355,Day 1 · 8/31,2
Day 2 · 9/1 1. 카사 바트요,07:50 투어 시작 · 가우디 투어 1번째. 동선 확정.,41.3916,2.1649,Day 2 · 9/1,1
Day 2 · 9/1 2. 카사 밀라 (라 페드레라),투어 중 · 가우디 투어 2번째. 숙소(프로벤사)와 매우 가까움.,41.3954,2.1619,Day 2 · 9/1,2
Day 2 · 9/1 3. 구엘 공원,투어 중 · 가우디 투어 3번째.,41.4145,2.1527,Day 2 · 9/1,3
Day 2 · 9/1 4. 카사 비센스,투어 중 · 가우디 투어 4번째.,41.4035,2.1507,Day 2 · 9/1,4
Day 2 · 9/1 5. 사그라다 파밀리아 (투어),~13:50 투어 종료 · 가우디 투어 마지막. 07:50–13:50 구간 종료 지점.,41.4036,2.1744,Day 2 · 9/1,5
Day 2 · 9/1 7. 사그라다 파밀리아 내부 투어,16:00–17:00 · 내부 입장 확정. 투어와 별도 예약.,41.4036,2.1744,Day 2 · 9/1,7
Day 6 · 9/5 2. 바르셀로나 엘프라트 공항,오후 출발 (시각 미정) · 정확한 출발 시각 업데이트 예정.,41.2974,2.0833,Day 6 · 9/5,2
