name,description,latitude,longitude,order,time
1. Hofmann Turó Park (Hofmann Pastisseria Turo Park),Day 5 · 9/4 금 · 08:30–09:30 · 마스카르포네 크루아상과 커피. 좌석 예약보다는 오전 방문.,41.39257,2.143442,1,08:30–09:30
2. Casa Batlló Gold (Casa Batlló),Day 5 · 9/4 금 · 10시대 선택 · 내부 관람이 중요할 때만 시간 지정 티켓 예매.,41.39165,2.16495,2,10시대 선택
3. Passeig de Gràcia 쇼핑 (Passeig de Gràcia),Day 5 · 9/4 금 · 10:00–13:30 · Zara·Massimo Dutti·Camper·Thinking MU와 가우디 건축물 외관.,41.393424,2.164813,3,10:00–13:30
4. 메뉴 델 디아 점심 (Eixample Barcelona),Day 5 · 9/4 금 · 13:30–14:30 · 쇼핑 동선에서 당일 메뉴가 좋은 식당을 선택.,41.39075,2.16827,4,13:30–14:30
5. El Corte Inglés (El Corte Inglés Plaça de Catalunya),Day 5 · 9/4 금 · 15:00–16:00 · 쇼핑과 상층 푸드코트·전망.,41.387323,2.170069,5,15:00–16:00
6. Mercadona (Mercadona Ronda de Sant Pere 31),Day 5 · 9/4 금 · 16:00–17:00 · 과자·초콜릿·올리브 등 포장 간식과 기념품 쇼핑.,41.390147,2.176183,6,16:00–17:00
"7. 숙소 휴식 · 짐 정리 (Carrer de Provença, 205)",Day 5 · 9/4 금 · 17:30–19:00 · 쇼핑한 물건을 정리하고 저녁 전 휴식.,41.3921707,2.1578355,7,17:30–19:00
8. Vinitus (Vinitus Consell de Cent),Day 5 · 9/4 금 · 19:30–21:30 · 예약 없이 방문. 저녁 피크 전에 도착해 대기시간을 줄입니다.,41.390702,2.165765,8,19:30–21:30
9. Bilmonte Gelato (Bilmonte Gelato),Day 5 · 9/4 금 · 21:30 이후 · 피스타치오·헤이즐넛 젤라토. 당일 영업시간 재확인.,41.389754,2.162488,9,21:30 이후
